"النص المصدر","ترجمة النص"
"Select an app to continue","اختر أحد التطبيقات للمتابعة"
"Choose the items you want to show in the sidebar","اختر العناصر التي تريد إظهارها في الشريط الجانبي"
"Certification Template","قالب الشهادة"
"Settings","الإعدادات"
"My Profile","ملفي الشخصي"
"Optional. If this is set, students can pick a cover image from the unsplash library for their profile page.","اختياري. إذا تم تعيين هذا، فيمكن للطلاب اختيار صورة غلاف من مكتبة unsplash لصفحة الملف الشخصي الخاصة بهم."
"This will enforce students to go through programs assigned to them in the correct order.","سيؤدي هذا إلى إجبار الطلاب على متابعة البرامج المخصصة لهم بالترتيب الصحيح."
"If enabled, it sends google calendar invite to the student for evaluations.","إذا تم تمكينه، فإنه يرسل دعوة تقويم Google إلى الطالب لإجراء التقييمات."
"Apply rounding on equivalent","تطبيق التقريب على المكافئ"
"Show USD equivalent amount","عرض المبلغ المعادل بالدولار الأمريكي"
"Lists","القوائم"
"Categories","الفئات"
"Customise","تخصيص"
"Footer ""Powered By""","تذييل ""مدعوم بواسطة"""
"Favicon","الأيقونة المفضلة"
"Branding","العلامة التجارية"
"Enable this option to ask users to select their occupation during the signup process.","قم بتمكين هذا الخيار ليطلب من المستخدمين تحديد مهنتهم أثناء عملية الاشتراك."
"Ask for Occupation","اطلب وظيفة"
"Custom Content","محتوى مخصص"
"Signup","الاشتراكات"
"Include in Preview","تضمين في المعاينة"
"Courses Done","الدورات التدريبية التي تم الانتهاء منها"
"Assessments Done","تقييمات تم الانتهاء منها"
"Submit","إرسال"
"Reindex","إعادة الفهرسة"
"Reindex Exercises","تمارين إعادة الفهرسة"
"Mentors","المرشدين"
"Course Data","بيانات الدورة"
"Course Stats","إحصائيات الدورة"
"Course Completed","تم إكمال الدورة"
"Evaluation Request","طلب التقييم"
"Please evaluate and grade it.","يرجى تقييمه وتصنيفه."
"{0}k","{0}k"
"{0} mentioned you in a comment in your batch.","{0} ذكرك في تعليق في دفعتك."
"{0} mentioned you in a comment","{0} ذكرك في تعليق"
"{0} is your evaluator","{0} هو مقيمك"
"{0} is already certified for the course {1}","{0} معتمد بالفعل للدورة {1}"
"{0} is already a {1} of the course {2}","{0} هو بالفعل {1} من الدورة {2}"
"{0} is already a mentor for course {1}","{0} هو بالفعل مرشد للدورة {1}"
"{0} is already a Student of {1} course through {2} batch","{0} هو بالفعل طالب في دورة {1} من خلال دفعة {2}"
"{0} has submitted the assignment {1}","{0} قدم المهمة {1}"
"{0} has reported a job post for the following reason.","{0} أبلغ عن وظيفة شاغرة للسبب التالي."
"{0} has applied for the job position {1}","{0} تقدم لشغل الوظيفة {1}"
"you can","يمكنك"
"stars","النجوم"
"ratings","التقييمات"
"question_detail","question_detail"
"out of","خارج"
"members","الأعضاء"
"label","التسمية"
"jane@example.com","jane@example.com"
"issued on","في"
"header","إصدارها"
"has been","تم"
"div","div"
"correct answers","الإجابات الصحيحة"
"cancel your application","إلغاء طلبك"
"Zoom Settings","إعدادات Zoom"
"Your submission has been successfully saved. The instructor will review and grade it shortly, and you'll be notified of your final result.","تم حفظ إرساليتك بنجاح. سيراجعها المدرب ويقيمها قريبًا، وسيتم إخطارك بالنتيجة النهائية."
"Your score is","نتيجتك هي"
"Your request to join us as a mentor for the course","طلبك للانضمام إلينا كموجه للدورة"
"Your evaluator is {0}","المقيّم الخاص بك هو {0}"
"Your evaluation slot has been booked","تم حجز موعد التقييم الخاص بك"
"Your evaluation for the course {0} has been scheduled on {1} at {2} {3}.","تم جدولة تقييمك للدورة {0} في {1} الساعة {2} {3}."
"Your calendar is set.","تم ضبط التقويم الخاص بك."
"Your Account has been successfully created!","تم إنشاء حسابك بنجاح!"
"YouTube Video will appear at the top of the lesson.","سيظهر فيديو YouTube في أعلى الدرس."
"YouTube Video URL","رابط فيديو YouTube"
"You've successfully submitted the assignment.","لقد قمت بإرسال المهمة بنجاح."
"You've applied to become a mentor for this course. Your request is currently under review.","لقد تقدمت بطلب لتصبح مرشدًا لهذه الدورة. طلبك قيد المراجعة حاليًا."
"You will have to get {0}% correct answers in order to pass the quiz.","سيتعين عليك الحصول على {0}% من الإجابات الصحيحة حتى تتمكن من اجتياز الاختبار."
"You need to login first to enroll for this course","يجب عليك تسجيل الدخول أولاً للتسجيل في هذه الدورة"
"You haven't enrolled for any courses","لم تقم بالتسجيل في أي دورات"
"You have opted to be notified for this course. You will receive an email when the course becomes available.","لقد اخترت تلقي إشعارات لهذه الدورة. ستتلقى رسالة بريد إلكتروني عندما تصبح الدورة متاحة."
"You have not created any quizzes yet. To create a new quiz, click on the ""New Quiz"" button above.","لم تقم بإنشاء أي اختبارات بعد. لإنشاء اختبار جديد، انقر فوق الزر ""اختبار جديد"" أعلاه."
"You have been enrolled in this course","لقد تم تسجيلك في هذه الدورة"
"You have been enrolled in this batch","لقد تم تسجيلك في هذه الدفعة"
"You have already reviewed this course","لقد قمت بالفعل بمراجعة هذه الدورة"
"You have already exceeded the maximum number of attempts allowed for this quiz.","لقد تجاوزت بالفعل الحد الأقصى لعدد المحاولات المسموح بها لهذا الاختبار."
"You have already applied for this job.","لقد تقدمت بالفعل لهذه الوظيفة."
"You got {0}% correct answers with a score of {1} out of {2}","لقد حصلت على {0}% من الإجابات الصحيحة بدرجة {1} من {2}"
"You got","لقد حصلت على"
"You don't have any notifications.","ليس لديك أي إشعارات."
"You do not have permission to access this page.","ليس لديك إذن للوصول إلى هذه الصفحة."
"You cannot schedule evaluations for past slots.","لا يمكنك جدولة التقييمات للفترات السابقة."
"You cannot schedule evaluations after {0}.","لا يمكنك جدولة التقييمات بعد {0}."
"You can link courses and assessments to it.","يمكنك ربط الدورات والتقييمات به."
"You can find their resume attached to this email.","يمكنك العثور على سيرتهم الذاتية مرفقة بهذا البريد الإلكتروني."
"You can attempt this quiz {0}.","يمكنك محاولة هذا الاختبار {0}."
"You can attempt this quiz only {0} {1}","يمكنك محاولة هذا الاختبار فقط {0} {1}"
"You can also copy-paste following link in your browser","يمكنك أيضًا نسخ ولصق الرابط التالي في متصفحك"
"You can add chapters and lessons to it.","يمكنك إضافة فصول ودروس إليه."
"You are not enrolled in this course. Please enroll to access this lesson.","أنت غير مسجل في هذه الدورة. يرجى التسجيل للوصول إلى هذا الدرس."
"You are not enrolled","أنت غير مسجل"
"You are not a mentor of the course {0}","أنت لست مرشدًا للدورة {0}"
"You are not a member of this batch. Please checkout our upcoming batches.","أنت لست عضوًا في هذه الدفعة. يرجى الاطلاع على دفعاتنا القادمة."
"You are already enrolled for this course.","أنت مسجل بالفعل في هذه الدورة."
"You are already enrolled for this batch.","أنت مسجل بالفعل في هذه الدفعة."
"You already have an evaluation on {0} at {1} for the course {2}.","لديك بالفعل تقييم على {0} في {1} للدورة {2}."
"Write your answer here","اكتب إجابتك هنا"
"Write a review","اكتب مراجعة"
"Write a Review","اكتب مراجعة"
"Work Experience Details","تفاصيل خبرة العمل"
"Work Experience","خبرة العمل"
"Work Environment","بيئة العمل"
"With this certification, you can now showcase your updated skills and share your achievement with your colleagues and on LinkedIn. To access your certificate, please click on the link provided below. Make sure you are logged in to the portal.","بفضل هذه الشهادة، يمكنك الآن عرض مهاراتك المحدثة ومشاركة إنجازاتك مع زملائك وعلى LinkedIn. للوصول إلى شهادتك، يرجى النقر فوق الرابط الموجود أدناه. تأكد من تسجيل دخولك إلى البوابة."
"Where did you hear about us?","من أين سمعت عنا؟"
"When a course gets submitted for review, it will be listed here.","عند تقديم دورة للمراجعة، سيتم إدراجها هنا."
"What does include in preview mean?","ماذا يعني تضمين في المعاينة؟"
"We are pleased to inform you that you have been enrolled in our upcoming batch. Congratulations!","يسعدنا أن نخبرك بأنك قد تم تسجيلك في الدفعة القادمة. مبروك!"
"Volunteering or Internship","التطوع أو التدريب"
"Visit the following link to view your ","قم بزيارة الرابط التالي لعرض"
"Visit Batch","زيارة الدفعة"
"Visibility","الرؤية"
"View Certificate","عرض الشهادة"
"Video Embed Link","رابط تضمين الفيديو"
"Users Response","استجابة المستخدم"
"User {0} has reported the job post {1}","لقد أبلغ المستخدم {0} عن الوظيفة المعلن عنها {1}"
"User Skill","مهارة المستخدم"
"User Input","إدخال المستخدم"
"User Category","فئة المستخدم"
"Uploading {0}%","جاري التحميل {0}%"
"Uploading","جاري التحميل"
"Upload an image","تحميل صورة"
"Upload a profile image","تحميل صورة شخصية"
"Upload File","تحميل ملف"
"Upcoming Evaluations","التقييمات القادمة"
"Upcoming Batches","الدفعات القادمة"
"Upcoming","قادم"
"Unsplash Access Key","Unsplash مفتاح الوصول"
"Unsplash","Unsplash"
"Unlisted","غير مدرج"
"Under Review","قيد المراجعة"
"Unavailable From Date cannot be greater than Unavailable To Date","لا يمكن أن يكون تاريخ غير متوفر أكبر من تاريخ غير متوفر"
"Unavailability","عدم التوفر"
"UK Grading  (e.g. 1st, 2:2)","التصنيف في المملكة المتحدة (على سبيل المثال، الأول، 2:2)"
"Type your answer","اكتب إجابتك"
"Twitter","تويتر"
"Try Again","حاول مرة أخرى"
"Total Signups","إجمالي عدد الاشتراكات"
"Total Marks","إجمالي الدرجات"
"Toggle Theme","تبديل السمة"
"To upload Image, Video, Audio or PDF from your system, click on the add icon and select upload from the menu. Then choose the file you want to add to the lesson and it gets added to your lesson.","لتحميل صورة أو فيديو أو صوت أو ملف PDF من نظامك، انقر على أيقونة الإضافة وحدد تحميل من القائمة. ثم اختر الملف الذي تريد إضافته إلى الدرس وسيتم إضافته إلى درسكم."
"To join this batch, please contact the Administrator.","للانضمام إلى هذه الدفعة، يُرجى الاتصال بالمسؤول."
"Title is required","العنوان مطلوب"
"Timings:","التوقيتات:"
"Timezone","المنطقة الزمنية"
"Timetable Template","قالب الجدول الزمني"
"Timetable Legends","أساطير الجدول الزمني"
"Timetable","الجدول الزمني"
"Time must be in 24 hour format (HH:mm). Example 11:30 or 22:00","يجب أن يكون الوقت بتنسيق 24 ساعة (ساعة:دقيقة). مثال 11:30 أو 22:00"
"Time Preference","تفضيل الوقت"
"This quiz consists of {0} questions.","يتكون هذا الاختبار من {0} سؤال."
"This lesson is not available for preview. Please join the course to access it.","هذا الدرس غير متاح للمعاينة. يُرجى الانضمام إلى الدورة للوصول إليه."
"This lesson is not available for preview. Please enroll in the course to access it.","هذا الدرس غير متاح للمعاينة. يُرجى التسجيل في الدورة للوصول إليه."
"This lesson is not available for preview. As you are the Instructor of the course only you can see it.","هذا الدرس غير متاح للمعاينة. نظرًا لكونك مدرس الدورة، يمكنك أنت وحدك رؤيته."
"This is a chapter in the course {0}","هذا فصل في الدورة {0}"
"This course is free.","هذه الدورة مجانية."
"This course has:","تحتوي هذه الدورة على:"
"This certificate does no expire","لا تنتهي صلاحية هذه الشهادة"
"This badge has been awarded to {0} on {1}.","تم منح هذه الشارة إلى {0} في {1}."
"These customisations will work on the main batch page.","ستعمل هذه التخصيصات على صفحة الدفعة الرئيسية."
"There are no {0} on this site.","لا يوجد {0} على هذا الموقع."
"There are no students in this batch.","لا يوجد طلاب في هذه الدفعة."
"There are no seats available in this batch.","لا توجد مقاعد متاحة في هذه الدفعة."
"There are no programs available at the moment. Keep an eye out, fresh learning experiences are on the way soon!","لا توجد برامج متاحة في الوقت الحالي. ترقب، تجارب تعليمية جديدة في الطريق قريبًا!"
"There are no courses available at the moment. Keep an eye out, fresh learning experiences are on the way soon!","لا توجد دورات متاحة في الوقت الحالي. ترقب، تجارب تعليمية جديدة في الطريق قريبًا!"
"There are no batches available at the moment. Keep an eye out, fresh learning experiences are on the way soon!","لا توجد دفعات متاحة في الوقت الحالي. ترقب، تجارب تعليمية جديدة في الطريق قريبًا!"
"The status of your application has changed.","لقد تغيرت حالة طلبك."
"The slot is already booked by another participant.","تم حجز المكان بالفعل من قبل مشارك آخر."
"The quiz has a time limit. For each question you will be given {0} seconds.","الاختبار له حد زمني. لكل سؤال سيتم منحك {0} ثانية."
"The evaluator of this course is unavailable from {0} to {1}. Please select a date after {1}","المقيّم لهذه الدورة غير متاح من {0} إلى {1}. يرجى تحديد تاريخ بعد {1}"
"The course {0} is now available on {1}.","الدورة {0} متاحة الآن في {1}."
"The HTML you add here will be shown on your sign up page.","سيتم عرض HTML الذي تضيفه هنا على صفحة الاشتراك الخاصة بك."
"Thanks and Regards","شكرًا وتحياتي"
"Tests","الاختبارات"
"Test Results","نتائج الاختبار"
"Terms of Use","شروط الاستخدام"
"Team School","فريق المدرسة"
"Submitted {0}","تم التقديم {0}"
"Submit your resume to proceed with your application for this position. Upon submission, it will be shared with the job poster.","أرسل سيرتك الذاتية للمتابعة في طلبك لهذا المنصب. عند التقديم، سيتم مشاركتها مع صاحب المنشور الوظيفي."
"Submission updated successfully.","تم تحديث التقديم بنجاح."
"Submission List","قائمة التقديم"
"Submission","التقديم"
"Subgroup","المجموعة الفرعية"
"Students will be enrolled in a paid batch once they complete the payment","سيتم تسجيل الطلاب في دفعة مدفوعة بمجرد إكمال الدفع"
"Students deleted successfully","تم حذف الطلاب بنجاح"
"Student {0} has already been added to this batch.","تم إضافة الطالب {0} بالفعل إلى هذه الدفعة."
"Student Reviews","مراجعات الطلاب"
"Status/Score","الحالة/النتيجة"
"Statistics of the platform","إحصائيات المنصة"
"Statistics","الإحصائيات"
"Start URL","عنوان URL للبدء"
"Start Time cannot be greater than End Time","لا يمكن أن يكون وقت البدء أكبر من وقت الانتهاء"
"Start Learning","بدء التعلم"
"Stage","المرحلة"
"Staff","الموظفون"
"Solution","الحل"
"Sold Out","تم البيع"
"Slug","Slug"
"Slots","الفتحات"
"Slot Times are overlapping for some schedules.","تتداخل أوقات الفترة الزمنية لبعض الجداول الزمنية."
"Skip Onboarding","تخطي التوجيه"
"Skills must be unique","يجب أن تكون المهارات فريدة"
"Skill Details","تفاصيل المهارات"
"Signups","الاشتراكات"
"Signup Settings","إعدادات الاشتراك"
"Signup Email","بريد إلكتروني للاشتراك"
"Shuffle Settings","إعدادات الخلط"
"Shuffle Questions","خلط الأسئلة"
"Show live class","إظهار الفصل المباشر"
"Show day view in timetable","إظهار عرض اليوم في الجدول الزمني"
"Show USD Equivalent","إظهار المكافئ بالدولار الأمريكي"
"Show Tab in Batch","إظهار علامة التبويب في الدفعة"
"Show Submission History","إظهار سجل الإرسال"
"Show Answers","إظهار الإجابات"
"Show Answer","إظهار الإجابة"
"Short description of the batch","وصف موجز للدفعة"
"Short Introduction","مقدمة قصيرة"
"Share on","مشاركة على"
"Set your Password","تعيين كلمة المرور"
"Sessions On Days","الجلسات في الأيام"
"Send calendar invite for evaluations","إرسال دعوة تقويم للتقييمات"
"Select a slot","تحديد فترة زمنية"
"Select a quiz","تحديد اختبار"
"Select a question","تحديد سؤال"
"Seats Left","المقاعد المتبقية"
"Seat Left","المقاعد المتبقية"
"Seat Count","عدد المقاعد"
"Search for an icon","البحث عن رمز"
"Score out of","النتيجة من"
"Score Out Of","النتيجة من"
"Scheduled Flow","التدفق المجدول"
"Schedule Evaluation","جدولة التقييم"
"SCORM Package Path","مسار حزمة SCORM"
"SCORM Package","حزمة SCORM"
"SCORM","SCORM"
"Rows {0} have the duplicate questions.","الصفوف {0} تحتوي على أسئلة مكررة."
"Row #{0} Start time cannot be outside the batch duration.","لا يمكن أن يكون وقت البدء خارج مدة الدفعة."
"Row #{0} Start time cannot be greater than or equal to end time.","لا يمكن أن يكون وقت البدء أكبر من أو يساوي وقت الانتهاء."
"Row #{0} End time cannot be outside the batch duration.","لا يمكن أن يكون وقت الانتهاء خارج مدة الدفعة."
"Row #{0} Date cannot be outside the batch duration.","لا يمكن أن يكون تاريخ الصف #{0} خارج مدة الدفعة."
"Role Preference","تفضيل الدور"
"Reviewed By","تمت المراجعة بواسطة"
"Review the course","مراجعة الدورة التدريبية"
"Result","النتيجة"
"Required Role","الدور المطلوب"
"Request for Mentorship","طلب التوجيه"
"Request Invite","طلب دعوة"
"Reply To","الرد على"
"Related Courses","الدورات التدريبية ذات الصلة"
"Register Now","سجل الآن"
"Ready","جاهز"
"Read the question carefully before attempting the assignment.","اقرأ السؤال بعناية قبل محاولة حل الواجب."
"Rating cannot be 0","لا يمكن أن يكون التقييم 0"
"Quizzes","الاختبارات"
"Quiz will appear at the bottom of the lesson.","سيظهر الاختبار في أسفل الدرس."
"Quiz updated successfully","تم تحديث الاختبار بنجاح"
"Quiz is not available to Guest users. Please login to continue.","الاختبار غير متاح للمستخدمين الضيوف. يرجى تسجيل الدخول للمتابعة."
"Quiz created successfully","تم إنشاء الاختبار بنجاح"
"Quiz Title","الاختبار العنوان"
"Quiz Summary","ملخص الاختبار"
"Quiz Submissions","إرسال الاختبار"
"Quiz Submission","إرسال الاختبار"
"Quiz ID","معرف الاختبار"
"Questions deleted successfully","تم حذف الأسئلة بنجاح"
"Questions","الأسئلة"
"Question {0} of {1}","السؤال {0} من {1}"
"Question {0}","السؤال {0}"
"Question updated successfully","تم تحديث السؤال بنجاح"
"Question added successfully","تمت إضافة السؤال بنجاح"
"Question Name","اسم السؤال"
"Question Detail","تفاصيل السؤال"
"Question ","السؤال"
"Published Courses","الدورات المنشورة"
"Publish on Participant Page","النشر على صفحة المشارك"
"Progress (%)","التقدم (%)"
"Program Members","أعضاء البرنامج"
"Program Member","عضو البرنامج"
"Program Courses","دورات البرنامج"
"Profile Image","صورة الملف الشخصي"
"Profile","الملف الشخصي"
"Profession","المهنة"
"Proceed to Payment","الانتقال إلى الدفع"
"Private Information includes your Grade and Work Environment Preferences","تتضمن المعلومات الخاصة تفضيلات الدرجة وبيئة العمل"
"Privacy Policy","سياسة الخصوصية"
"Primary Subgroup","المجموعة الفرعية الأساسية"
"Primary Countries","الدول الأساسية"
"Preview Video","معاينة الفيديو"
"Preferred Location","الموقع المفضل"
"Preferred Industry","الصناعة المفضلة"
"Preferred Industries","الصناعات المفضلة"
"Preferred Functions","الوظائف المفضلة"
"Preferred Function","الوظيفة المفضلة"
"Posted on","تم النشر في"
"Possible Answer 4","الإجابة المحتملة 4"
"Possible Answer 3","الإجابة المحتملة 3"
"Possible Answer 2","الإجابة المحتملة 2"
"Possible Answer 1","الإجابة المحتملة 1"
"Possibility","الاحتمالية"
"Point of Score (e.g. 70)","نقطة النتيجة (على سبيل المثال 70)"
"Please upload the assignment file.","يرجى تحميل ملف المهمة."
"Please upload a SCORM package","يرجى تحميل حزمة SCORM"
"Please take appropriate action at {0}","يرجى اتخاذ الإجراء المناسب في {0}"
"Please select an option","يرجى تحديد خيار"
"Please select a timezone.","يرجى تحديد منطقة زمنية."
"Please select a time.","يرجى تحديد وقت."
"Please select a future date and time.","يرجى تحديد تاريخ ووقت مستقبليين."
"Please select a duration.","يرجى تحديد مدة."
"Please select a date.","يرجى تحديد تاريخ."
"Please prepare well and be on time for the evaluations.","يرجى الاستعداد جيدًا والحضور في الوقت المحدد للتقييمات."
"Please login to continue with payment.","يرجى تسجيل الدخول لمواصلة الدفع."
"Please login to access this page.","يرجى تسجيل الدخول للوصول إلى هذه الصفحة."
"Please login to access the quiz.","يرجى تسجيل الدخول للوصول إلى الاختبار."
"Please let us know where you heard about us from.","يرجى إخبارنا من أين سمعت عنا."
"Please install the Payments app to create a paid courses.","يرجى تثبيت تطبيق المدفوعات لإنشاء دورات مدفوعة."
"Please install the Payments app to create a paid batches.","يرجى تثبيت تطبيق المدفوعات لإنشاء دفعات مدفوعة."
"Please enter your answer","يرجى إدخال إجابتك"
"Please enter the URL for assignment submission.","يرجى إدخال عنوان URL لتقديم المهمة."
"Please enter a valid time in the format HH:mm.","يرجى إدخال وقت صالح بتنسيق HH:mm."
"Please enter a valid state with correct spelling and the first letter capitalized.","يرجى إدخال ولاية صالحة مع تهجئة صحيحة والحرف الأول كبير."
"Please enter a valid pan number.","يرجى إدخال رقم بان صالح."
"Please enter a valid URL.","يرجى إدخال عنوان URL صالح."
"Please enter a title.","يرجى إدخال عنوان."
"Please ensure that you complete all the questions in {0} minutes.","يرجى التأكد من إكمال جميع الأسئلة في غضون {0} دقيقة."
"Please enroll for this course to view this lesson","يرجى التسجيل في هذه الدورة لعرض هذا الدرس"
"Please enable Zoom Settings to use this feature.","يرجى تمكين إعدادات Zoom لاستخدام هذه الميزة."
"Please complete the previous courses in the program to enroll in this course.","يرجى إكمال الدورات التدريبية السابقة في البرنامج للتسجيل في هذه الدورة التدريبية."
"Please add {1} for {3} to send calendar invites for evaluations.","يرجى إضافة <a href='{0}'>{1}</a> لـ <a href='{2}'>{3}</a> لإرسال دعوات التقويم للتقييمات."
"Please Login","يرجى تسجيل الدخول"
"Percentage (e.g. 70%)","النسبة المئوية (على سبيل المثال 70%)"
"People","الأشخاص"
"Payments app is not installed","تطبيق المدفوعات غير مثبت"
"Payment for Document Type","الدفع مقابل نوع المستند"
"Payment for Document","الدفع مقابل المستند"
"Payment Settings","إعدادات الدفع"
"Payment ID","معرف الدفع"
"Payment Country","دولة الدفع"
"Paste the youtube link of a short video introducing the course","الصق رابط اليوتيوب لفيديو قصير يقدم الدورة التدريبية"
"Passing Percentage","نسبة النجاح"
"Partially Complete","مكتمل جزئيًا"
"Part Time","دوام جزئي"
"Pan Number","رقم القيد"
"Paid Course","الدورة التدريبية المدفوعة"
"Paid Batch","الدفعة المدفوعة"
"Pages","الصفحات"
"Original Amount","المبلغ الأصلي"
"Organisation","المنظمة"
"Ordered Item","العنصر المطلوب"
"Order ID","معرف الطلب"
"Open Network","شبكة مفتوحة"
"Open Ended","سؤال مفتوح"
"Open Course","دورة مفتوحة"
"Open Assignment","مهمة مفتوحة"
"Only zip files are allowed","يُسمح فقط بملفات zip"
"Only image file is allowed.","يُسمح فقط بملفات الصور."
"Only image and video files are allowed.","يُسمح فقط بملفات الصور والفيديو."
"Only files of type {0} will be accepted.","سيتم قبول الملفات من النوع {0} فقط."
"Only document file is allowed.","لا يُسمح إلا بملف المستند."
"Only courses for which self learning is disabled can be added to program.","لا يمكن إضافة الدورات التي تم تعطيل التعلم الذاتي فيها إلى البرنامج."
"Only PDF file is allowed.","لا يُسمح إلا بملف PDF."
"Once the moderator grades your submission, you'll find the details here.","بمجرد أن يقوم المشرف بتقييم إرساليتك، ستجد التفاصيل هنا."
"Once again, congratulations on this significant accomplishment.","مرة أخرى، أهنئك على هذا الإنجاز المهم."
"Number of seats available","عدد المقاعد المتاحة"
"Notify me when available","أعلمني عندما يتوفر"
"Nothing to see here.","لا يوجد شيء يمكن رؤيته هنا."
"Not Graded","لم يتم تقييمها"
"Not Available for Preview","غير متاح للمعاينة"
"Not Attempted","لم يتم محاولة تقديمها"
"No.","لا."
"No {0} courses","لا توجد {0} دورة"
"No {0} batches","لا توجد {0} دفعة"
"No {0}","لا توجد {0}"
"No upcoming evaluations.","لا توجد تقييمات قادمة."
"No slots available for this date.","لا توجد أماكن متاحة لهذا التاريخ."
"No quizzes found","لا توجد اختبارات"
"No programs found","لا توجد برامج"
"No live classes scheduled","لا توجد فصول دراسية مباشرة مجدولة"
"No jobs posted","لا توجد وظائف معلنة"
"No introduction","لا توجد مقدمة"
"No courses under review","لا توجد دورات قيد المراجعة"
"No courses in this program","لا توجد دورات في هذا البرنامج"
"No courses found","لا توجد دورات"
"No courses created","لا توجد دورات تم إنشاؤها"
"No certificates","لا توجد شهادات"
"No batches found","لا توجد دفعات"
"No announcements","لا توجد إعلانات"
"No Upcoming Evaluations","لا توجد تقييمات قادمة"
"No Recording","لا يوجد تسجيل"
"No Notifications","لا توجد إشعارات"
"No Assessments","لا توجد تقييمات"
"Next Question","السؤال التالي"
"New reply on the topic {0} in course {1}","رد جديد على الموضوع {0} في الدورة {1}"
"New comment in batch {0}","تعليق جديد في الدفعة {0}"
"New Signups","الاشتراكات الجديدة"
"New Sign Up","الاشتراك الجديد"
"New Quiz","اختبار جديد"
"New Question","سؤال جديد"
"New Program Member","عضو برنامج جديد"
"New Program Course","دورة تدريبية جديدة"
"New Job Applicant","متقدم وظيفة جديد"
"New Job","وظيفة جديدة"
"New Course","دورة تدريبية جديدة"
"New Batch","دفعة جديدة"
"New Assignment Submission","إرسال مهمة جديدة"
"My calendar","تقويمي"
"My availability","توافري"
"Multiple Correct Answers","إجابات صحيحة متعددة"
"Module is incorrect.","الوحدة غير صحيحة."
"Module Name is incorrect or does not exist.","اسم الوحدة غير صحيح أو غير موجود."
"Moderator","المشرف"
"Minimum two options are required for multiple choice questions.","يجب أن يكون هناك خياران على الأقل للأسئلة متعددة الخيارات."
"Milestones","الإنجازات"
"Mentor Request Status Update Template","قالب تحديث حالة طلب المرشد"
"Mentor Request Creation Template","قالب إنشاء طلب المرشد"
"Mentor Request","طلب المرشد"
"Mentor Name","اسم المرشد"
"Mentor","المرشد"
"Memeber Username","اسم  العضو"
"Member {0} has already been added to this batch.","تمت إضافة العضو {0} بالفعل إلى هذه الدفعة."
"Member added to program","تمت إضافة العضو إلى البرنامج"
"Member Type","نوع العضو"
"Member Subgroup","المجموعة الفرعية للأعضاء"
"Member Email","بريد العضو الإلكتروني"
"Member Cohort","مجموعة الأعضاء"
"Medium ID","معرف الوسيط"
"Maximun Attempts","المحاولات القصوى"
"Marks out of","علامات من إجمالي"
"Marks for question number {0} cannot be greater than the marks allotted for that question.","لا يمكن أن تكون علامات السؤال رقم {0} أكبر من العلامات المخصصة لهذا السؤال."
"Marks","علامات"
"Mark as read","تحديد كمقروء"
"Mark all as read","تحديد الكل كمقروء"
"Mark","تحديد"
"Manifest File","ملف البيان"
"Manager (Sales/Marketing/Customer)","المدير (المبيعات/التسويق/العميل)"
"Manage Batch","إدارة الدفعة"
"Make sure to enter the right billing name as the same will be used in your invoice.","تأكد من إدخال اسم الفوترة الصحيح لأنه سيتم استخدامه في فاتورتك."
"Make an Announcement","إرسال إعلان"
"Make LMS the default home","جعل نظام إدارة التعلم هو الصفحة الرئيسية الافتراضية"
"Login to apply","تسجيل الدخول للتقديم"
"Log out","تسجيل الخروج"
"Log in","تسجيل الدخول"
"Location Preference","تفضيلات الموقع"
"Loading Batches...","جاري تحميل الدفعات..."
"LiveCode URL","عنوان URL المباشر للرمز"
"Live Class","الفصل المباشر"
"Live","مباشر"
"List of quizzes","قائمة الاختبارات"
"LinkedIn ID","معرف LinkedIn"
"LinkedIn","LinkedIn"
"Limit cannot be greater than or equal to the number of questions in the quiz.","لا يمكن أن يكون الحد أكبر من أو يساوي عدد الأسئلة في الاختبار."
"Limit Questions To","تحديد الأسئلة بـ"
"Letter Grade (e.g. A, B-)","الدرجة الحرفية (على سبيل المثال، A، B-)"
"Lets start setting up your content on the LMS so that you can reclaim time and focus on growth.","لنبدأ في إعداد المحتوى الخاص بك على نظام إدارة التعلم حتى تتمكن من استعادة الوقت والتركيز على النمو."
"Lessons Completed","الدروس المكتملة"
"Lessons","الدروس"
"Lesson updated successfully","تم تحديث الدرس بنجاح"
"Lesson created successfully","تم إنشاء الدرس بنجاح"
"Lesson Title","عنوان الدرس"
"Lesson Reference","مرجع الدرس"
"Lesson Editor","محرر الدرس"
"Lesson Completion","إتمام الدرس"
"Lesson","الدرس"
"Length of passed data array is greater than value of maximum allowed label points!","طول مصفوفة البيانات التي تم تمريرها أكبر من قيمة الحد الأقصى المسموح به لنقاط التسمية!"
"Launch File","ملف التشغيل"
"Latest Submission","أحدث إرسال"
"LMS Timetable Template","قالب جدول نظام إدارة التعلم"
"LMS Timetable Legend","أسطورة جدول نظام إدارة التعلم"
"LMS Student","طالب نظام إدارة التعلم"
"LMS Source","مصدر نظام إدارة التعلم"
"LMS Sidebar Item","عنصر الشريط الجانبي لنظام إدارة التعلم"
"LMS Quiz Submission","إرسال اختبار نظام إدارة التعلم"
"LMS Quiz Result","نتيجة اختبار نظام إدارة التعلم"
"LMS Quiz Question","سؤال اختبار نظام إدارة التعلم"
"LMS Quiz","اختبار نظام إدارة التعلم"
"LMS Question","سؤال نظام إدارة التعلم"
"LMS Program Member","عضو برنامج نظام إدارة التعلم"
"LMS Program Course","دورة برنامج نظام إدارة التعلم"
"LMS Program","برنامج نظام إدارة التعلم"
"LMS Payment","دفع نظام إدارة التعلم"
"LMS Option","خيار نظام إدارة التعلم"
"LMS Mentor Request","طلب مرشد في نظام إدارة التعلم"
"LMS Live Class","دورة تدريبية مباشرة في نظام إدارة التعلم"
"LMS Job Application","طلب وظيفة في نظام إدارة التعلم"
"LMS Exercise","تدريب نظام إدارة التعلم"
"LMS Enrollment","التسجيل في نظام إدارة التعلم"
"LMS Course Review","مراجعة دورة نظام إدارة التعلم"
"LMS Course Progress","تقدم دورة نظام إدارة التعلم"
"LMS Course Mentor Mapping","تعيين مرشد دورة نظام إدارة التعلم"
"LMS Course Interest","اهتمام دورة نظام إدارة التعلم"
"LMS Course","دورة نظام إدارة التعلم"
"LMS Certificate Request","طلب شهادة نظام إدارة التعلم"
"LMS Certificate Evaluation","تقييم شهادة نظام إدارة التعلم"
"LMS Certificate","شهادة نظام إدارة التعلم"
"LMS Category","فئة نظام إدارة التعلم"
"LMS Batch Timetable","جدول زمني لدفعة نظام إدارة التعلم"
"LMS Batch Old","دفعة نظام إدارة التعلم القديمة"
"LMS Batch","دفعة نظام إدارة التعلم"
"LMS Badge Assignment","تعيين شارة نظام إدارة التعلم"
"LMS Badge","شارة نظام إدارة التعلم"
"LMS Assignment Submission","إرسال مهمة نظام إدارة التعلم"
"LMS Assignment","مهمة نظام إدارة التعلم"
"LMS Assessment","تقييم نظام إدارة التعلم"
"LMS","نظام إدارة التعلم"
"Keywords for the course","الكلمات الرئيسية للدورة التدريبية"
"Join URL","رابط الانضمام"
"Join Meeting","الانضمام إلى الاجتماع"
"Job Settings","إعدادات الوظيفة"
"Job Opportunity","فرصة عمل"
"Job Openings","فرص العمل المتاحة"
"Job Details","تفاصيل الوظيفة"
"Job Board Title","عنوان لوحة الوظائف"
"Job Board Subtitle","عنوان فرعي للوحة الوظائف"
"Jane Doe","جين دو"
"Items removed successfully","تمت إزالة العناصر بنجاح"
"Items in Sidebar","العناصر الموجودة في الشريط الجانبي"
"Issued on","تم إصدارها في"
"Issued On","تم إصدارها في"
"Is SCORM Package","هل حزمة SCORM"
"Is Onboarding Complete","هل تم إكمال عملية التوجيه"
"Invite Request","طلب دعوة"
"Invite Only","دعوة فقط"
"Invite Email","بريد إلكتروني للدعوة"
"Invite Code","رمز الدعوة"
"Invalid Quiz ID","معرف اختبار غير صالح"
"Invalid Invite Code.","كود دعوة غير صالح."
"Instructors Comments","تعليقات المدربين"
"Instructor Notes","ملاحظات المدرب"
"Instructor Content","محتوى المدرب"
"Institution Name","اسم المؤسسة"
"Index Label","علامة الفهرس"
"Incorrect","غير صحيح"
"Incomplete","غير مكتمل"
"Include In Preview","تضمين في المعاينة"
"Image: Corrupted Data Stream","الصورة: دفق بيانات تالف"
"Image search powered by","البحث عن الصور مدعوم بواسطة"
"If you want open ended questions then make sure each question in the quiz is of open ended type.","إذا كنت تريد أسئلة مفتوحة، فتأكد من أن كل سؤال في الاختبار من النوع المفتوح."
"If you set an amount here, then the USD equivalent setting will not get applied.","إذا قمت بتعيين مبلغ هنا، فلن يتم تطبيق إعداد المكافئ بالدولار الأمريكي."
"If you have any questions or require assistance, feel free to contact us.","إذا كانت لديك أي أسئلة أو تحتاج إلى مساعدة، فلا تتردد في الاتصال بنا."
"If you fail to do so, the quiz will be automatically submitted when the timer ends.","إذا فشلت في القيام بذلك، فسيتم إرسال الاختبار تلقائيًا عند انتهاء المؤقت."
"If you are not any more interested to mentor the course","إذا لم تعد مهتمًا بتوجيه الدورة التدريبية"
"If Include in Preview is enabled for a lesson then the lesson will also be accessible to non logged in users.","إذا تم تمكين تضمين في المعاينة لدرس ما، فسيكون الدرس متاحًا أيضًا للمستخدمين غير المسجلين."
"I am unavailable","أنا غير متاح"
"I am looking for a job","أنا أبحث عن وظيفة"
"I am delighted to inform you that you have successfully earned your certification for the {0} course. Congratulations!","يسعدني أن أبلغك أنك حصلت بنجاح على شهادتك لدورة {0}. تهانينا!"
"I am currently working here","أنا أعمل هنا حاليًا"
"How to upload content from your system?","كيف أحمل محتوى من نظامك؟"
"How to add a YouTube Video?","كيف أضيف مقطع فيديو على YouTube؟"
"How to add a Quiz?","كيف أضيف اختبارًا؟"
"Hints","تلميحات"
"Hide my Private Information from others","إخفاء معلوماتي الشخصية عن الآخرين"
"Hi,","مرحبًا،"
"Hey,","مرحبًا،"
"Hey {0}","مرحبًا {0}"
"Here are a few courses we recommend for you to get started with {0}","إليك بعض الدورات التي نوصيك بالبدء بها {0}"
"Help us improve our course material.","ساعدنا في تحسين مادة الدورة التدريبية الخاصة بنا."
"Help others learn something new by creating a course.","ساعد الآخرين على تعلم شيء جديد من خلال إنشاء دورة تدريبية."
"Headline","العنوان الرئيسي"
"Grid Shortcuts","اختصارات الشبكة"
"Grant only once","منحة مرة واحدة فقط"
"Grade Type","نوع الدرجة"
"Grade Assignment","تعيين الدرجة"
"Google Meet Link","رابط Google Meet"
"Github ID","معرف Github"
"Get Started","البدء"
"Get Certificate","الحصول على شهادة"
"Generate Google Meet Link","إنشاء رابط Google Meet"
"GST Number","رقم ضريبة السلع والخدمات"
"GST Amount","مبلغ ضريبة السلع والخدمات"
"Full Time","دوام كامل"
"French (e.g. Distinction)","الفرنسية (على سبيل المثال، التميز)"
"Freelancer/Just looking","مستقل/باحث فقط"
"Freelance","مستقل"
"Free","مجاني"
"Frappe Support","دعم Frappe"
"Form to create and edit quizzes","نموذج لإنشاء الاختبارات وتحريرها"
"Field of Major/Study","مجال التخصص/الدراسة"
"Feel free to make edits to your submission if needed.","لا تتردد في إجراء تعديلات على إرسالك إذا لزم الأمر."
"Explore More","استكشف المزيد"
"Expiration Date","تاريخ انتهاء الصلاحية"
"Exercise Title","عنوان التمرين"
"Exercise Submission","تمرين تم تقديمه"
"Exercise Latest Submission","أحدث تمرين تم تقديمه"
"Exercise","تمرين"
"Example: IST (+5:30)","مثال: IST (+5:30)"
"Evaluator is Unavailable","المقيم غير متوفر"
"Evaluator Schedule","جدول المقيم"
"Evaluator Name","اسم المقيم"
"Evaluator","مقيم"
"Evaluation saved successfully","تم حفظ التقييم بنجاح"
"Evaluation end date cannot be less than the batch end date.","لا يمكن أن يكون تاريخ انتهاء التقييم أقل من تاريخ انتهاء الدفعة."
"Evaluation End Date","تاريخ انتهاء التقييم"
"Evaluation Details","تفاصيل التقييم"
"Enter the correct answer","أدخل الإجابة الصحيحة"
"Enter a title and save the quiz to proceed","أدخل عنوانًا واحفظ الاختبار للمتابعة"
"Enter a URL","أدخل عنوان URL"
"Enter Client Id and Client Secret in Google Settings to send calendar invites for evaluations.","أدخل معرف العميل والسر السري للعميل في إعدادات Google لإرسال دعوات التقويم للتقييمات."
"Enrollments","التسجيلات"
"Enrollment Failed","فشل التسجيل"
"Enrollment Count","عدد التسجيلات"
"Enrollment Confirmation for the Next Training Batch","تأكيد التسجيل للدفعة التدريبية التالية"
"Enrolled successfully","تم التسجيل بنجاح"
"Enrolled Students","الطلاب المسجلون"
"Enroll Now","التسجيل الآن"
"End Date (or expected)","تاريخ الانتهاء (أو المتوقع)"
"Enable this only if you want to upload a SCORM package as a chapter.","قم بتمكين هذا فقط إذا كنت تريد تحميل حزمة SCORM كفصل."
"Enable Learning Paths","تمكين مسارات التعلم"
"Enable Google API in Google Settings to send calendar invites for evaluations.","قم بتمكين واجهة برمجة تطبيقات Google في إعدادات Google لإرسال دعوات التقويم للتقييمات."
"Enable Certification","تمكين الشهادة"
"Emails","رسائل البريد الإلكتروني"
"Email Templates","قوالب البريد الإلكتروني"
"Education Details","تفاصيل التعليم"
"Education Detail","تفاصيل التعليم"
"Edit your profile","تحرير ملفك الشخصي"
"Edit the question","تحرير السؤال"
"Edit Lesson","تحرير الدرس"
"Edit Job","تحرير الوظيفة"
"Edit Course","تحرير الدورة"
"Edit Chapter","تحرير الفصل"
"Edit Batch","تحرير الدفعة"
"E-mail","البريد الإلكتروني"
"E-Mail","البريد الإلكتروني"
"Duration of the live class in minutes","مدة الفصل المباشر بالدقائق"
"Duration (in minutes)","المدة (بالدقائق)"
"Duplicate options found for this question.","تم العثور على خيارات مكررة لهذا السؤال."
"Dream Companies","شركات الأحلام"
"Discussions","المناقشات"
"Disable Self Learning","تعطيل التعلم الذاتي"
"Disable Self Enrollment","تعطيل التسجيل الذاتي"
"Deleting this lesson will permanently remove it from the course. This action cannot be undone. Are you sure you want to continue?","سيؤدي حذف هذا الدرس إلى إزالته نهائيًا من الدورة. لا يمكن التراجع عن هذا الإجراء. هل أنت متأكد من أنك تريد الاستمرار؟"
"Deleting this chapter will also delete all its lessons and permanently remove it from the course. This action cannot be undone. Are you sure you want to continue?","سيؤدي حذف هذا الفصل أيضًا إلى حذف جميع دروسه وإزالته نهائيًا من الدورة. لا يمكن التراجع عن هذا الإجراء. هل أنت متأكد من أنك تريد المتابعة؟"
"Deleting the course will also delete all its chapters and lessons. Are you sure you want to delete this course?","سيؤدي حذف الدورة أيضًا إلى حذف جميع فصولها ودروسها. هل أنت متأكد من أنك تريد حذف هذه الدورة؟"
"Delete this lesson?","حذف هذا الدرس؟"
"Delete this chapter?","حذف هذا الفصل؟"
"Delete Course","حذف الدورة"
"Delete Chapter","حذف الفصل"
"Degree Type","نوع الدرجة"
"Date and Time","التاريخ والوقت"
"Customisations","التخصيصات"
"Custom Signup Content","محتوى الاشتراك المخصص"
"Custom Script (JavaScript)","النص المخصص (JavaScript)"
"Current Lesson","الدرس الحالي"
"Create or edit a course for your learning system.","إنشاء أو تحرير دورة لنظام التعلم الخاص بك."
"Create and edit lessons for your course","إنشاء وتحرير الدروس لدورتك"
"Create a new question","إنشاء سؤال جديد"
"Create a course","إنشاء دورة"
"Create a Live Class","إنشاء فصل دراسي مباشر"
"Create a Course","إنشاء دورة"
"Create a Batch","إنشاء دفعة"
"Create Lesson","إنشاء درس"
"Create LMS Certificate Evaluation","إنشاء تقييم شهادة نظام إدارة التعلم"
"Create LMS Certificate","إنشاء شهادة نظام إدارة التعلم"
"Cover Image","صورة الغلاف"
"Courses deleted successfully","الدورات التي تم حذفها بنجاح"
"Courses Mentored","الدورات التي تم توجيهها"
"Courses Completed","الدورات المكتملة"
"Course {0} has already been added to this batch.","تمت إضافة الدورة {0} بالفعل إلى هذه الدفعة."
"Course updated successfully","تم تحديث الدورة بنجاح"
"Course moved successfully","تم نقل الدورة بنجاح"
"Course deleted successfully","تم حذف الدورة بنجاح"
"Course created successfully","تم إنشاء الدورة بنجاح"
"Course already added to the batch.","تمت إضافة الدورة بالفعل إلى الدفعة."
"Course added to program","تمت إضافة الدورة إلى البرنامج"
"Course Title","عنوان الدورة"
"Course Settings","إعدادات الدورة"
"Course Progress Summary","ملخص تقدم الدورة"
"Course Price","سعر الدورة"
"Course Outline","مخطط الدورة"
"Course List","قائمة الدورة"
"Course Lesson","درس الدورة"
"Course Instructor","مدرب الدورة"
"Course Image","صورة الدورة"
"Course Evaluator","مقيم الدورة"
"Course Enrollments","تسجيلات الدورة"
"Course Description","وصف الدورة"
"Course Creator","منشئ الدورة"
"Course Chapter","فصل الدورة"
"Correct Answer","الإجابة الصحيحة"
"Copy the URL of the video from YouTube and paste it in the editor.","انسخ عنوان URL للفيديو من YouTube والصقه في المحرر."
"Cookie Policy","سياسة ملفات تعريف الارتباط"
"Continue Learning","متابعة التعلم"
"Content is required","المحتوى مطلوب"
"Contact the Administrator to enroll for this course.","اتصل بالمسؤول للتسجيل في هذه الدورة."
"Congratulations on getting certified!","تهانينا على الحصول على الشهادة!"
"Confirmation Email Sent","تم إرسال بريد إلكتروني للتأكيد"
"Condition must be valid python code.","يجب أن يكون الشرط كود بايثون صالح."
"Condition must be in valid JSON format.","يجب أن يكون الشرط بتنسيق JSON صالح."
"Completions","الإكمالات"
"Completion Certificate","شهادة الإكمال"
"Complete Sign Up","اكمل الاشتراك"
"Company Website","موقع الشركة على الويب"
"Company Type","نوع الشركة"
"Company Email Address","عنوان البريد الإلكتروني للشركة"
"College Name","اسم الكلية"
"Collaboration Preference","تفضيل التعاون"
"Cohort Web Page","صفحة الويب للمجموعة الفرعية"
"Cohort Subgroup","المجموعة الفرعية"
"Cohort Staff","موظفو المجموعة الفرعية"
"Cohort Mentor","مرشد المجموعة الفرعية"
"Cohort Join Request","طلب الانضمام للمجموعة الفرعية"
"Cohort","المجموعة الفرعية"
"Cloud","السحابة"
"Click on the add icon in the editor and select Quiz from the menu. It opens up a dialog, where you can either select a quiz from the list or create a new quiz. When you select the Create New option it redirects you to the quiz creation page.","انقر فوق رمز الإضافة في المحرر وحدد الاختبار من القائمة. سيفتح مربع حوار، حيث يمكنك إما تحديد اختبار من القائمة أو إنشاء اختبار جديد. عند تحديد خيار إنشاء جديد، سيتم إعادة توجيهك إلى صفحة إنشاء الاختبار."
"Choose one answer","اختر إجابة واحدة"
"Choose an icon","اختر رمزًا"
"Choose all answers that apply","اختر جميع الإجابات التي تنطبق"
"Choices","الخيارات"
"Checkout Courses","دورات الخروج"
"Check out the {0} to know more about certification.","اطلع على {0} لمعرفة المزيد عن الشهادة."
"Check Discussion","التحقق من المناقشة"
"Chapters","الفصول"
"Chapter updated successfully","تم تحديث الفصل بنجاح"
"Chapter added successfully","تم إضافة الفصل بنجاح"
"Chapter Reference","مرجع الفصل"
"Certified Participants","المشاركون المعتمدون"
"Certification Name","اسم الشهادة"
"Certification Expires After (Years)","تنتهي صلاحية الشهادة بعد (سنوات)"
"Certification Details","تفاصيل الشهادة"
"Certificates","الشهادات"
"Certificate saved successfully","تم حفظ الشهادة بنجاح"
"Certificate Link","رابط الشهادة"
"Certificate Email Template","قالب بريد إلكتروني للشهادة"
"Career Preference Details","تفاصيل تفضيل المهنة"
"CGPA/4","CGPA/4"
"By","بحلول"
"Buy this course","شراء هذه الدورة"
"Business Owner","صاحب العمل"
"Billing Name","اسم الفاتورة"
"Best Regards","مع أطيب التحيات"
"Begin Date","تاريخ البدء"
"Batch end date cannot be before the batch start date","لا يمكن أن يكون تاريخ انتهاء الدفعة قبل تاريخ بدء الدفعة"
"Batch Updated","تم تحديث الدفعة"
"Batch Title","عنوان الدفعة"
"Batch Student","طالب الدفعة"
"Batch Start Date:","تاريخ بدء الدفعة:"
"Batch Settings","إعدادات الدفعة"
"Batch Old","الدفعة القديمة"
"Batch Evaluator","مقيم الدفعة"
"Batch Details Raw","تفاصيل الدفعة الخام"
"Batch Created","تم إنشاء الدفعة"
"Batch Course","دورة الدفعة"
"Batch Confirmation Template","قالب تأكيد الدفعة"
"Badges","الشارات"
"Badge Image","صورة الشارة"
"Badge Description","وصف الشارة"
"Badge","الشارة"
"Average Rating","متوسط ​​التقييم"
"Auto Recording","التسجيل التلقائي"
"Auto Assign","التعيين التلقائي"
"Attire Preference","تفضيلات الملابس"
"At least one option must be correct for this question.","يجب أن يكون هناك خيار واحد على الأقل صحيحًا لهذا السؤال."
"Assignment will appear at the bottom of the lesson.","سيظهر الواجب في أسفل الدرس."
"Assignment submitted successfully.","تم إرسال الواجب بنجاح."
"Assignment for Lesson {0} by {1} already exists.","الواجب للدرس {0} بواسطة {1} موجود بالفعل."
"Assignment Title","عنوان الواجب"
"Assignment Submission Template","قالب إرسال الواجب"
"Assignment Attachment","مرفق الواجب"
"Assessments","التقييمات"
"Assessment {0} has already been added to this batch.","تمت إضافة التقييم {0} بالفعل إلى هذه الدفعة."
"Assessment added successfully","تمت إضافة التقييم بنجاح"
"Assessment Type","نوع التقييم"
"Ask User Category during Signup","اسأل فئة المستخدم أثناء الاشتراك"
"Apps","التطبيقات"
"Apply for this job","التقدم لهذه الوظيفة"
"Apply Rounding on Equivalent","تطبيق التقريب على المكافئ"
"Apply GST for India","تطبيق ضريبة السلع والخدمات للهند"
"Applications Received","الطلبات المستلمة"
"Appears when the batch URL is shared on any online platform","تظهر عند مشاركة عنوان URL للدفعة على أي منصة عبر الإنترنت"
"Appears on the course card in the course list","تظهر على بطاقة الدورة في قائمة الدورة"
"Answer","إجابة"
"Announcements","إعلانات"
"Announcement has been sent successfully","تم إرسال الإعلان بنجاح"
"Announcement","إعلان"
"An open job board for the community","لوحة وظائف مفتوحة للمجتمع"
"Amount with GST","المبلغ مع ضريبة السلع والخدمات"
"Amount and currency are required for paid courses.","المبلغ والعملة مطلوبان للدورات المدفوعة."
"Amount and currency are required for paid batches.","المبلغ والعملة مطلوبان للدفعات المدفوعة."
"Amount (USD)","المبلغ (بالدولار الأمريكي)"
"Allow self enrollment","السماح بالتسجيل الذاتي"
"Allow accessing future dates","السماح بالوصول إلى التواريخ المستقبلية"
"Allow Self Enrollment","السماح بالتسجيل الذاتي"
"Allow Job Posting From Website","السماح بنشر الوظائف من موقع الويب"
"All your notifications in one place.","جميع إشعاراتك في مكان واحد."
"All questions should have the same marks if the limit is set.","يجب أن يكون لجميع الأسئلة نفس الدرجات إذا تم تعيين الحد."
"All participants that have been certified.","جميع المشاركين الذين تم اعتمادهم."
"All batches divided by categories","جميع الدفعات مقسمة حسب الفئات"
"All Submissions","جميع المشاركات"
"All Courses divided by categories","جميع الدورات مقسمة حسب الفئات"
"All Courses","جميع الدورات"
"All Batches","جميع الدفعات"
"Add your assignment as {0}","إضافة واجبك كـ {0}"
"Add web page to sidebar","إضافة صفحة ويب إلى الشريط الجانبي"
"Add at least one possible answer for this question: {0}","إضافة إجابة محتملة واحدة على الأقل لهذا السؤال: {0}"
"Add an existing question","إضافة سؤال موجود"
"Add an assessment","إضافة تقييم"
"Add a quiz to your lesson","إضافة اختبار إلى درس"
"Add a new question","إضافة سؤال جديد"
"Add a lesson","إضافة درس"
"Add a course","إضافة دورة"
"Add a chapter","إضافة فصل"
"Add a Student","إضافة طالب"
"Add a Lesson","إضافة درس"
"Add a Chapter","إضافة فصل"
"Add Slot","إضافة فتحة"
"Add Lesson","إضافة درس"
"Add Chapter","إضافة فصل"
"Achievements","الإنجازات"
"Account ID","معرف الحساب"
"Acceptance for Terms and/or Policies","قبول الشروط و/أو السياسات"
"A one line introduction to the course that appears on the course card","مقدمة من سطر واحد عن الدورة تظهر على بطاقة الدورة"
"Learning","التعليم"
